{"cameraMode":{"drawMode":0,"name":"Shaded","section":"Shading Mode"},"sceneLighting":true,"audioPlay":false,"sceneViewState":{"m_AlwaysRefresh":false,"showFog":true,"showSkybox":true,"showFlares":true,"showImageEffects":true,"showParticleSystems":true,"showVisualEffectGraphs":true,"m_FxEnabled":true},"in2DMode":false,"pivot":{"x":471.90631103515627,"y":41.24546432495117,"z":200.55624389648438},"rotation":{"x":-0.07347993552684784,"y":0.0854504406452179,"z":-0.006236254703253508,"w":-0.9936423301696777},"size":0.8660253882408142,"orthographic":false}