{"cameraMode":{"drawMode":0,"name":"Shaded","section":"Shading Mode"},"sceneLighting":true,"audioPlay":false,"sceneViewState":{"m_AlwaysRefresh":false,"showFog":true,"showSkybox":true,"showFlares":true,"showImageEffects":true,"showParticleSystems":true,"showVisualEffectGraphs":true,"m_FxEnabled":true},"in2DMode":false,"pivot":{"x":205.8767852783203,"y":113.05204772949219,"z":289.6750793457031},"rotation":{"x":0.37067461013793948,"y":0.3556775152683258,"z":-0.15716180205345155,"w":0.8436095714569092},"size":4.6100287437438969,"orthographic":false}