{"cameraMode":{"drawMode":0,"name":"Shaded","section":"Shading Mode"},"sceneLighting":true,"audioPlay":false,"sceneViewState":{"m_AlwaysRefresh":false,"showFog":true,"showSkybox":true,"showFlares":true,"showImageEffects":true,"showParticleSystems":true,"showVisualEffectGraphs":true,"m_FxEnabled":true},"in2DMode":false,"pivot":{"x":615.5258178710938,"y":396.19403076171877,"z":466.39263916015627},"rotation":{"x":-0.012604506686329842,"y":-0.9730059504508972,"z":-0.22392001748085023,"w":0.05496910959482193},"size":53.460445404052737,"orthographic":false}